fecha,titulo,categoria,resumen,imagen,alt,autor,cuerpo,documento,destacado,publicar
2026-09-10,"Cómo pedir vino en un restaurante sin sentirte un impostor",Para perder el miedo,"Tres preguntas que puedes hacerle a quien te atiende y que funcionan siempre, aunque no sepas nada de vino.",/assets/img/fotos/sara-corcho.jpg,"Sara oliendo un corcho",Sara,"Te sientas, te dan la carta de vinos y de repente te sudan las manos. Te suena de algo, ¿verdad?

Me lo cuenta muchísima gente, y casi siempre acaba igual: se pide la segunda referencia más barata, porque la primera da vergüenza y las demás no se entienden.

## El truco no es saber, es preguntar bien

No necesitas memorizar denominaciones. Necesitas tres frases.

**La primera: «¿Qué me recomiendas para lo que hemos pedido?»** Suena obvia, pero es la más potente de todas. Quien trabaja en sala conoce su carta y conoce su cocina. Le estás dando permiso para hacer bien su trabajo.

**La segunda: «Solemos beber vinos así, ¿tenéis algo parecido?»** Aquí vale cualquier referencia que conozcas, aunque sea de supermercado. No es una confesión vergonzosa: es información útil.

**La tercera, y la más importante: «Queremos gastarnos unos treinta euros.»** Decir el presupuesto en voz alta no es de pobres, es de gente práctica. Además evita el momento incómodo de que te traigan algo que no querías pagar.

## Lo que no hace falta que hagas

No hace falta que huelas el corcho con cara de entendido. El corcho sólo sirve para comprobar que no huele a humedad, y de eso ya se encarga quien sirve.

No hace falta que muevas la copa como en las películas. Si te apetece, hazlo; si no, no pasa absolutamente nada.

Y no hace falta que digas que sabe a frutos rojos. Si te sabe a algo que te recuerda a la merienda de tu abuela, esa nota es tan válida como cualquier otra. De hecho es mejor, porque es tuya.

> Nadie se ha ido nunca de un restaurante pensando «qué mal ha quedado esa persona preguntando». Pero sí se ha ido mucha gente con un vino que no le gustaba por no abrir la boca.

## Y si te traen algo que no te gusta

Puedes decirlo. Con educación, pero puedes. «Esperaba algo más suave, ¿hay alguna otra opción?» es una frase perfectamente normal.

Lo único que no se puede hacer es devolver una botella porque no te gusta el estilo, si te la han descrito bien y tú has dicho que sí. Eso ya es otra conversación.

Prueba las tres preguntas la próxima vez. Te vas a sorprender de lo bien que funcionan.",,SI,SI
2026-08-22,"Qué significa de verdad que un vino sea natural",Para entender,"La etiqueta más usada y peor explicada del mundo del vino, contada sin dogmas ni sermones.",/assets/img/fotos/sara-cata-blanco.jpg,"Copa de vino blanco a contraluz",Sara,"Hay pocas palabras que generen más discusiones en este oficio. Dices «vino natural» y ya tienes a media mesa a favor y a la otra media poniendo los ojos en blanco.

Vamos a intentar contarlo sin banderas.

## No es una denominación oficial

Lo primero: no existe una normativa europea que diga qué es exactamente un vino natural. Sí existe para «ecológico» y para «biodinámico», pero «natural» es un acuerdo entre productores, no una ley.

Eso significa dos cosas. Que hay proyectos honestísimos haciendo cosas maravillosas. Y que cualquiera puede poner la palabra en una etiqueta.

## La idea de fondo

Simplificando mucho: intervenir lo menos posible. Uva sana, fermentación con las levaduras que ya viven en la viña, poca o ninguna corrección en bodega y muy poco sulfuroso añadido.

La intención es bonita. Que el vino sepa al sitio donde nació y no a las decisiones de un enólogo con un catálogo de productos.

## Dónde está la trampa

Intervenir poco exige trabajar muchísimo mejor en el campo. Si la uva llega regular y encima no corriges nada, el resultado es un vino defectuoso. Y hay unos cuantos por ahí.

Un vino que huele a establo, que pica o que sabe a sidra no es más auténtico. Es un vino mal hecho al que se le ha puesto una etiqueta de moda.

## Mi postura, por si te sirve

Me interesan los productores, no las categorías. Hay gente trabajando con certificación ecológica y muchísimo respeto, y gente sin ninguna etiqueta haciendo vinos impecables.

Cuando me preguntan si un vino es natural, suelo contestar otra cosa: te cuento quién lo hace, dónde y cómo. Con eso ya puedes decidir tú.

> El mejor filtro no es la etiqueta de la botella. Es saber el nombre de quien la ha hecho.",,NO,SI
